WOA_microscopy_Species_Plant_Leaf_Cell	WOA_Species	WOA_Species_short	WOA_Gender	WOA_Plant	WOA_GrowthType	WOA_LeafCellShape	WOA_LeafCellLength.[µm]	WOA_LeafCellWidth.[µm]	WOA_LeafCellHeight.[µm]
WOA_microscopy_Plagiomnium.undulatum_Plant1_f_Leaf1_Cell1	Plagiomnium undulatum (female)	P. undulatum (f)	female	Plant 1	apocarp	square	24.280	13.138	30.102
WOA_microscopy_Plagiomnium.undulatum_Plant1_f_Leaf1_Cell2	Plagiomnium undulatum (female)	P. undulatum (f)	female	Plant 1	apocarp	square	17.806	13.696	26.468
WOA_microscopy_Plagiomnium.undulatum_Plant1_f_Leaf1_Cell3	Plagiomnium undulatum (female)	P. undulatum (f)	female	Plant 1	apocarp	square	24.315	11.538	28.986
WOA_microscopy_Plagiomnium.undulatum_Plant1_f_Leaf1_Cell_Average	Plagiomnium undulatum (female)	P. undulatum (f)	female	Plant 1	apocarp	square	22.134	12.791	28.519
WOA_microscopy_Plagiomnium.undulatum_Plant1_f_Leaf2_Cell1	Plagiomnium undulatum (female)	P. undulatum (f)	female	Plant 1	apocarp	square	22.926	15.821	30.102
WOA_microscopy_Plagiomnium.undulatum_Plant1_f_Leaf2_Cell2	Plagiomnium undulatum (female)	P. undulatum (f)	female	Plant 1	apocarp	square	27.825	11.326	26.468
WOA_microscopy_Plagiomnium.undulatum_Plant1_f_Leaf2_Cell3	Plagiomnium undulatum (female)	P. undulatum (f)	female	Plant 1	apocarp	square	19.675	12.572	28.986
WOA_microscopy_Plagiomnium.undulatum_Plant1_f_Leaf2_Cell_Average	Plagiomnium undulatum (female)	P. undulatum (f)	female	Plant 1	apocarp	square	23.475	13.240	28.519
WOA_microscopy_Plagiomnium.undulatum_Plant1_f_Leaf3_Cell1	Plagiomnium undulatum (female)	P. undulatum (f)	female	Plant 1	apocarp	square	20.591	12.036	30.102
WOA_microscopy_Plagiomnium.undulatum_Plant1_f_Leaf3_Cell2	Plagiomnium undulatum (female)	P. undulatum (f)	female	Plant 1	apocarp	square	37.138	19.030	26.468
WOA_microscopy_Plagiomnium.undulatum_Plant1_f_Leaf3_Cell3	Plagiomnium undulatum (female)	P. undulatum (f)	female	Plant 1	apocarp	square	27.954	17.420	28.986
WOA_microscopy_Plagiomnium.undulatum_Plant1_f_Leaf3_Cell_Average	Plagiomnium undulatum (female)	P. undulatum (f)	female	Plant 1	apocarp	square	28.561	16.162	28.519
WOA_microscopy_Plagiomnium.undulatum_Plant2_f_Leaf1_Cell1	Plagiomnium undulatum (female)	P. undulatum (f)	female	Plant 2	apocarp	square	22.404	17.762	30.102
WOA_microscopy_Plagiomnium.undulatum_Plant2_f_Leaf1_Cell2	Plagiomnium undulatum (female)	P. undulatum (f)	female	Plant 2	apocarp	square	27.149	12.166	26.468
WOA_microscopy_Plagiomnium.undulatum_Plant2_f_Leaf1_Cell3	Plagiomnium undulatum (female)	P. undulatum (f)	female	Plant 2	apocarp	square	23.480	9.667	28.986
WOA_microscopy_Plagiomnium.undulatum_Plant2_f_Leaf1_Cell_Average	Plagiomnium undulatum (female)	P. undulatum (f)	female	Plant 2	apocarp	square	24.344	13.198	28.519
WOA_microscopy_Plagiomnium.undulatum_Plant2_f_Leaf2_Cell1	Plagiomnium undulatum (female)	P. undulatum (f)	female	Plant 2	apocarp	square	24.361	16.594	30.102
WOA_microscopy_Plagiomnium.undulatum_Plant2_f_Leaf2_Cell2	Plagiomnium undulatum (female)	P. undulatum (f)	female	Plant 2	apocarp	square	27.248	14.874	26.468
WOA_microscopy_Plagiomnium.undulatum_Plant2_f_Leaf2_Cell3	Plagiomnium undulatum (female)	P. undulatum (f)	female	Plant 2	apocarp	square	25.856	12.901	28.986
WOA_microscopy_Plagiomnium.undulatum_Plant2_f_Leaf2_Cell_Average	Plagiomnium undulatum (female)	P. undulatum (f)	female	Plant 2	apocarp	square	25.822	14.790	28.519
WOA_microscopy_Plagiomnium.undulatum_Plant2_f_Leaf3_Cell1	Plagiomnium undulatum (female)	P. undulatum (f)	female	Plant 2	apocarp	square	21.018	12.973	30.102
WOA_microscopy_Plagiomnium.undulatum_Plant2_f_Leaf3_Cell2	Plagiomnium undulatum (female)	P. undulatum (f)	female	Plant 2	apocarp	square	20.063	10.008	26.468
WOA_microscopy_Plagiomnium.undulatum_Plant2_f_Leaf3_Cell3	Plagiomnium undulatum (female)	P. undulatum (f)	female	Plant 2	apocarp	square	16.990	9.017	28.986
WOA_microscopy_Plagiomnium.undulatum_Plant2_f_Leaf3_Cell_Average	Plagiomnium undulatum (female)	P. undulatum (f)	female	Plant 2	apocarp	square	19.357	10.666	28.519
WOA_microscopy_Plagiomnium.undulatum_Plant3_f_Leaf1_Cell1	Plagiomnium undulatum (female)	P. undulatum (f)	female	Plant 3	apocarp	square	28.710	14.874	30.102
WOA_microscopy_Plagiomnium.undulatum_Plant3_f_Leaf1_Cell2	Plagiomnium undulatum (female)	P. undulatum (f)	female	Plant 3	apocarp	square	33.528	18.347	26.468
WOA_microscopy_Plagiomnium.undulatum_Plant3_f_Leaf1_Cell3	Plagiomnium undulatum (female)	P. undulatum (f)	female	Plant 3	apocarp	square	29.867	11.577	28.986
WOA_microscopy_Plagiomnium.undulatum_Plant3_f_Leaf1_Cell_Average	Plagiomnium undulatum (female)	P. undulatum (f)	female	Plant 3	apocarp	square	30.702	14.933	28.519
WOA_microscopy_Plagiomnium.undulatum_Plant3_f_Leaf2_Cell1	Plagiomnium undulatum (female)	P. undulatum (f)	female	Plant 3	apocarp	square	29.040	10.272	30.102
WOA_microscopy_Plagiomnium.undulatum_Plant3_f_Leaf2_Cell2	Plagiomnium undulatum (female)	P. undulatum (f)	female	Plant 3	apocarp	square	27.433	14.628	26.468
WOA_microscopy_Plagiomnium.undulatum_Plant3_f_Leaf2_Cell3	Plagiomnium undulatum (female)	P. undulatum (f)	female	Plant 3	apocarp	square	25.493	13.058	28.986
WOA_microscopy_Plagiomnium.undulatum_Plant3_f_Leaf2_Cell_Average	Plagiomnium undulatum (female)	P. undulatum (f)	female	Plant 3	apocarp	square	27.322	12.653	28.519
WOA_microscopy_Plagiomnium.undulatum_Plant3_f_Leaf3_Cell1	Plagiomnium undulatum (female)	P. undulatum (f)	female	Plant 3	apocarp	square	33.683	21.452	30.102
WOA_microscopy_Plagiomnium.undulatum_Plant3_f_Leaf3_Cell2	Plagiomnium undulatum (female)	P. undulatum (f)	female	Plant 3	apocarp	square	29.486	15.734	26.468
WOA_microscopy_Plagiomnium.undulatum_Plant3_f_Leaf3_Cell3	Plagiomnium undulatum (female)	P. undulatum (f)	female	Plant 3	apocarp	square	29.480	18.058	28.986
WOA_microscopy_Plagiomnium.undulatum_Plant3_f_Leaf3_Cell_Average	Plagiomnium undulatum (female)	P. undulatum (f)	female	Plant 3	apocarp	square	30.883	18.415	28.519
WOA_microscopy_Plagiomnium.undulatum_Plant1_m_Leaf1_Cell1	Plagiomnium undulatum (male)	P. undulatum (m)	male	Plant 1	apocarp	square	32.054	17.570	38.727
WOA_microscopy_Plagiomnium.undulatum_Plant1_m_Leaf1_Cell2	Plagiomnium undulatum (male)	P. undulatum (m)	male	Plant 1	apocarp	square	28.553	13.704	39.225
WOA_microscopy_Plagiomnium.undulatum_Plant1_m_Leaf1_Cell3	Plagiomnium undulatum (male)	P. undulatum (m)	male	Plant 1	apocarp	square	38.904	23.383	38.223
WOA_microscopy_Plagiomnium.undulatum_Plant1_m_Leaf1_Cell_Average	Plagiomnium undulatum (male)	P. undulatum (m)	male	Plant 1	apocarp	square	33.170	18.219	38.725
WOA_microscopy_Plagiomnium.undulatum_Plant1_m_Leaf2_Cell1	Plagiomnium undulatum (male)	P. undulatum (m)	male	Plant 1	apocarp	square	34.327	19.048	38.727
WOA_microscopy_Plagiomnium.undulatum_Plant1_m_Leaf2_Cell2	Plagiomnium undulatum (male)	P. undulatum (m)	male	Plant 1	apocarp	square	40.816	14.683	39.225
WOA_microscopy_Plagiomnium.undulatum_Plant1_m_Leaf2_Cell3	Plagiomnium undulatum (male)	P. undulatum (m)	male	Plant 1	apocarp	square	26.811	17.719	38.223
WOA_microscopy_Plagiomnium.undulatum_Plant1_m_Leaf2_Cell_Average	Plagiomnium undulatum (male)	P. undulatum (m)	male	Plant 1	apocarp	square	33.985	17.150	38.725
WOA_microscopy_Plagiomnium.undulatum_Plant1_m_Leaf3_Cell1	Plagiomnium undulatum (male)	P. undulatum (m)	male	Plant 1	apocarp	square	26.029	13.599	38.727
WOA_microscopy_Plagiomnium.undulatum_Plant1_m_Leaf3_Cell2	Plagiomnium undulatum (male)	P. undulatum (m)	male	Plant 1	apocarp	square	28.790	13.599	39.225
WOA_microscopy_Plagiomnium.undulatum_Plant1_m_Leaf3_Cell3	Plagiomnium undulatum (male)	P. undulatum (m)	male	Plant 1	apocarp	square	30.376	20.703	38.223
WOA_microscopy_Plagiomnium.undulatum_Plant1_m_Leaf3_Cell_Average	Plagiomnium undulatum (male)	P. undulatum (m)	male	Plant 1	apocarp	square	28.398	15.967	38.725
WOA_microscopy_Plagiomnium.undulatum_Plant2_m_Leaf1_Cell1	Plagiomnium undulatum (male)	P. undulatum (m)	male	Plant 2	apocarp	square	26.970	19.283	38.727
WOA_microscopy_Plagiomnium.undulatum_Plant2_m_Leaf1_Cell2	Plagiomnium undulatum (male)	P. undulatum (m)	male	Plant 2	apocarp	square	41.883	23.049	39.225
WOA_microscopy_Plagiomnium.undulatum_Plant2_m_Leaf1_Cell3	Plagiomnium undulatum (male)	P. undulatum (m)	male	Plant 2	apocarp	square	41.751	16.517	38.223
WOA_microscopy_Plagiomnium.undulatum_Plant2_m_Leaf1_Cell_Average	Plagiomnium undulatum (male)	P. undulatum (m)	male	Plant 2	apocarp	square	36.868	19.616	38.725
WOA_microscopy_Plagiomnium.undulatum_Plant2_m_Leaf2_Cell1	Plagiomnium undulatum (male)	P. undulatum (m)	male	Plant 2	apocarp	square	30.098	19.242	38.727
WOA_microscopy_Plagiomnium.undulatum_Plant2_m_Leaf2_Cell2	Plagiomnium undulatum (male)	P. undulatum (m)	male	Plant 2	apocarp	square	24.495	12.339	39.225
WOA_microscopy_Plagiomnium.undulatum_Plant2_m_Leaf2_Cell3	Plagiomnium undulatum (male)	P. undulatum (m)	male	Plant 2	apocarp	square	29.918	13.868	38.223
WOA_microscopy_Plagiomnium.undulatum_Plant2_m_Leaf2_Cell_Average	Plagiomnium undulatum (male)	P. undulatum (m)	male	Plant 2	apocarp	square	28.170	15.150	38.725
WOA_microscopy_Plagiomnium.undulatum_Plant2_m_Leaf3_Cell1	Plagiomnium undulatum (male)	P. undulatum (m)	male	Plant 2	apocarp	square	27.248	13.973	38.727
WOA_microscopy_Plagiomnium.undulatum_Plant2_m_Leaf3_Cell2	Plagiomnium undulatum (male)	P. undulatum (m)	male	Plant 2	apocarp	square	23.998	11.892	39.225
WOA_microscopy_Plagiomnium.undulatum_Plant2_m_Leaf3_Cell3	Plagiomnium undulatum (male)	P. undulatum (m)	male	Plant 2	apocarp	square	25.205	15.914	38.223
WOA_microscopy_Plagiomnium.undulatum_Plant2_m_Leaf3_Cell_Average	Plagiomnium undulatum (male)	P. undulatum (m)	male	Plant 2	apocarp	square	25.484	13.926	38.725
WOA_microscopy_Plagiomnium.undulatum_Plant3_m_Leaf1_Cell1	Plagiomnium undulatum (male)	P. undulatum (m)	male	Plant 3	apocarp	square	34.046	19.091	38.727
WOA_microscopy_Plagiomnium.undulatum_Plant3_m_Leaf1_Cell2	Plagiomnium undulatum (male)	P. undulatum (m)	male	Plant 3	apocarp	square	29.844	16.034	39.225
WOA_microscopy_Plagiomnium.undulatum_Plant3_m_Leaf1_Cell3	Plagiomnium undulatum (male)	P. undulatum (m)	male	Plant 3	apocarp	square	25.273	17.253	38.223
WOA_microscopy_Plagiomnium.undulatum_Plant3_m_Leaf1_Cell_Average	Plagiomnium undulatum (male)	P. undulatum (m)	male	Plant 3	apocarp	square	29.721	17.459	38.725
WOA_microscopy_Plagiomnium.undulatum_Plant3_m_Leaf2_Cell1	Plagiomnium undulatum (male)	P. undulatum (m)	male	Plant 3	apocarp	square	32.268	16.160	38.727
WOA_microscopy_Plagiomnium.undulatum_Plant3_m_Leaf2_Cell2	Plagiomnium undulatum (male)	P. undulatum (m)	male	Plant 3	apocarp	square	35.800	25.443	39.225
WOA_microscopy_Plagiomnium.undulatum_Plant3_m_Leaf2_Cell3	Plagiomnium undulatum (male)	P. undulatum (m)	male	Plant 3	apocarp	square	27.770	13.983	38.223
WOA_microscopy_Plagiomnium.undulatum_Plant3_m_Leaf2_Cell_Average	Plagiomnium undulatum (male)	P. undulatum (m)	male	Plant 3	apocarp	square	31.946	18.529	38.725
WOA_microscopy_Plagiomnium.undulatum_Plant3_m_Leaf3_Cell1	Plagiomnium undulatum (male)	P. undulatum (m)	male	Plant 3	apocarp	square	40.510	21.400	38.727
WOA_microscopy_Plagiomnium.undulatum_Plant3_m_Leaf3_Cell2	Plagiomnium undulatum (male)	P. undulatum (m)	male	Plant 3	apocarp	square	29.645	19.236	39.225
WOA_microscopy_Plagiomnium.undulatum_Plant3_m_Leaf3_Cell3	Plagiomnium undulatum (male)	P. undulatum (m)	male	Plant 3	apocarp	square	24.955	14.294	38.223
WOA_microscopy_Plagiomnium.undulatum_Plant3_m_Leaf3_Cell_Average	Plagiomnium undulatum (male)	P. undulatum (m)	male	Plant 3	apocarp	square	31.703	18.310	38.725
WOA_microscopy_Bryum.sp._Plant1_Leaf1_Cell1	Bryum sp.	Bryum sp.		Plant 1	apocarp	hexagonal	60.579	22.573	18.658
WOA_microscopy_Bryum.sp._Plant1_Leaf1_Cell2	Bryum sp.	Bryum sp.		Plant 1	apocarp	hexagonal	67.613	22.150	17.414
WOA_microscopy_Bryum.sp._Plant1_Leaf1_Cell3	Bryum sp.	Bryum sp.		Plant 1	apocarp	hexagonal	42.526	17.647	13.371
WOA_microscopy_Bryum.sp._Plant1_Leaf1_Cell_Average	Bryum sp.	Bryum sp.		Plant 1	apocarp	hexagonal	56.906	20.790	16.481
WOA_microscopy_Bryum.sp._Plant1_Leaf2_Cell1	Bryum sp.	Bryum sp.		Plant 1	apocarp	hexagonal	54.206	21.098	18.658
WOA_microscopy_Bryum.sp._Plant1_Leaf2_Cell2	Bryum sp.	Bryum sp.		Plant 1	apocarp	hexagonal	35.640	24.258	17.414
WOA_microscopy_Bryum.sp._Plant1_Leaf2_Cell3	Bryum sp.	Bryum sp.		Plant 1	apocarp	hexagonal	36.847	24.355	13.371
WOA_microscopy_Bryum.sp._Plant1_Leaf2_Cell_Average	Bryum sp.	Bryum sp.		Plant 1	apocarp	hexagonal	42.231	23.237	16.481
WOA_microscopy_Bryum.sp._Plant1_Leaf3_Cell1	Bryum sp.	Bryum sp.		Plant 1	apocarp	hexagonal	58.283	31.290	18.658
WOA_microscopy_Bryum.sp._Plant1_Leaf3_Cell2	Bryum sp.	Bryum sp.		Plant 1	apocarp	hexagonal	54.061	20.726	17.414
WOA_microscopy_Bryum.sp._Plant1_Leaf3_Cell3	Bryum sp.	Bryum sp.		Plant 1	apocarp	hexagonal	55.569	22.545	13.371
WOA_microscopy_Bryum.sp._Plant1_Leaf3_Cell_Average	Bryum sp.	Bryum sp.		Plant 1	apocarp	hexagonal	55.971	24.854	16.481
WOA_microscopy_Bryum.sp._Plant2_Leaf1_Cell1	Bryum sp.	Bryum sp.		Plant 2	apocarp	hexagonal	79.217	27.446	18.658
WOA_microscopy_Bryum.sp._Plant2_Leaf1_Cell2	Bryum sp.	Bryum sp.		Plant 2	apocarp	hexagonal	35.720	19.095	17.414
WOA_microscopy_Bryum.sp._Plant2_Leaf1_Cell3	Bryum sp.	Bryum sp.		Plant 2	apocarp	hexagonal	45.589	12.427	13.371
WOA_microscopy_Bryum.sp._Plant2_Leaf1_Cell_Average	Bryum sp.	Bryum sp.		Plant 2	apocarp	hexagonal	53.509	19.656	16.481
WOA_microscopy_Bryum.sp._Plant2_Leaf2_Cell1	Bryum sp.	Bryum sp.		Plant 2	apocarp	hexagonal	53.519	19.229	18.658
WOA_microscopy_Bryum.sp._Plant2_Leaf2_Cell2	Bryum sp.	Bryum sp.		Plant 2	apocarp	hexagonal	41.699	19.835	17.414
WOA_microscopy_Bryum.sp._Plant2_Leaf2_Cell3	Bryum sp.	Bryum sp.		Plant 2	apocarp	hexagonal	49.410	18.544	13.371
WOA_microscopy_Bryum.sp._Plant2_Leaf2_Cell_Average	Bryum sp.	Bryum sp.		Plant 2	apocarp	hexagonal	48.209	19.203	16.481
WOA_microscopy_Bryum.sp._Plant2_Leaf3_Cell1	Bryum sp.	Bryum sp.		Plant 2	apocarp	hexagonal	50.352	30.166	18.658
WOA_microscopy_Bryum.sp._Plant2_Leaf3_Cell2	Bryum sp.	Bryum sp.		Plant 2	apocarp	hexagonal	37.235	14.267	17.414
WOA_microscopy_Bryum.sp._Plant2_Leaf3_Cell3	Bryum sp.	Bryum sp.		Plant 2	apocarp	hexagonal	41.531	17.808	13.371
WOA_microscopy_Bryum.sp._Plant2_Leaf3_Cell_Average	Bryum sp.	Bryum sp.		Plant 2	apocarp	hexagonal	43.039	20.747	16.481
WOA_microscopy_Bryum.sp._Plant3_Leaf1_Cell1	Bryum sp.	Bryum sp.		Plant 3	apocarp	hexagonal	45.684	20.236	18.658
WOA_microscopy_Bryum.sp._Plant3_Leaf1_Cell2	Bryum sp.	Bryum sp.		Plant 3	apocarp	hexagonal	48.133	16.020	17.414
WOA_microscopy_Bryum.sp._Plant3_Leaf1_Cell3	Bryum sp.	Bryum sp.		Plant 3	apocarp	hexagonal	46.689	15.379	13.371
WOA_microscopy_Bryum.sp._Plant3_Leaf1_Cell_Average	Bryum sp.	Bryum sp.		Plant 3	apocarp	hexagonal	46.835	17.212	16.481
WOA_microscopy_Bryum.sp._Plant3_Leaf2_Cell1	Bryum sp.	Bryum sp.		Plant 3	apocarp	hexagonal	72.007	18.832	18.658
WOA_microscopy_Bryum.sp._Plant3_Leaf2_Cell2	Bryum sp.	Bryum sp.		Plant 3	apocarp	hexagonal	52.140	20.218	17.414
WOA_microscopy_Bryum.sp._Plant3_Leaf2_Cell3	Bryum sp.	Bryum sp.		Plant 3	apocarp	hexagonal	59.505	23.184	13.371
WOA_microscopy_Bryum.sp._Plant3_Leaf2_Cell_Average	Bryum sp.	Bryum sp.		Plant 3	apocarp	hexagonal	61.217	20.745	16.481
WOA_microscopy_Bryum.sp._Plant3_Leaf3_Cell1	Bryum sp.	Bryum sp.		Plant 3	apocarp	hexagonal	71.193	25.166	18.658
WOA_microscopy_Bryum.sp._Plant3_Leaf3_Cell2	Bryum sp.	Bryum sp.		Plant 3	apocarp	hexagonal	40.551	18.576	17.414
WOA_microscopy_Bryum.sp._Plant3_Leaf3_Cell3	Bryum sp.	Bryum sp.		Plant 3	apocarp	hexagonal	44.872	18.774	13.371
WOA_microscopy_Bryum.sp._Plant3_Leaf3_Cell_Average	Bryum sp.	Bryum sp.		Plant 3	apocarp	hexagonal	52.205	20.839	16.481
WOA_microscopy_Homalothecium.lutescens_Plant1_Leaf1_Cell1	Homalothecium lutescens	H. lutescens		Plant 1	pleurocarp	prosenchymatic	54.581	4.889	7.436
WOA_microscopy_Homalothecium.lutescens_Plant1_Leaf1_Cell2	Homalothecium lutescens	H. lutescens		Plant 1	pleurocarp	prosenchymatic	49.485	5.048	7.387
WOA_microscopy_Homalothecium.lutescens_Plant1_Leaf1_Cell3	Homalothecium lutescens	H. lutescens		Plant 1	pleurocarp	prosenchymatic	43.282	4.953	7.162
WOA_microscopy_Homalothecium.lutescens_Plant1_Leaf1_Cell_Average	Homalothecium lutescens	H. lutescens		Plant 1	pleurocarp	prosenchymatic	49.116	4.963	7.328
WOA_microscopy_Homalothecium.lutescens_Plant1_Leaf2_Cell1	Homalothecium lutescens	H. lutescens		Plant 1	pleurocarp	prosenchymatic	44.071	3.395	7.436
WOA_microscopy_Homalothecium.lutescens_Plant1_Leaf2_Cell2	Homalothecium lutescens	H. lutescens		Plant 1	pleurocarp	prosenchymatic	51.466	3.754	7.387
WOA_microscopy_Homalothecium.lutescens_Plant1_Leaf2_Cell3	Homalothecium lutescens	H. lutescens		Plant 1	pleurocarp	prosenchymatic	32.239	6.567	7.162
WOA_microscopy_Homalothecium.lutescens_Plant1_Leaf2_Cell_Average	Homalothecium lutescens	H. lutescens		Plant 1	pleurocarp	prosenchymatic	42.592	4.572	7.328
WOA_microscopy_Homalothecium.lutescens_Plant1_Leaf3_Cell1	Homalothecium lutescens	H. lutescens		Plant 1	pleurocarp	prosenchymatic	54.400	5.446	7.436
WOA_microscopy_Homalothecium.lutescens_Plant1_Leaf3_Cell2	Homalothecium lutescens	H. lutescens		Plant 1	pleurocarp	prosenchymatic	52.475	5.356	7.387
WOA_microscopy_Homalothecium.lutescens_Plant1_Leaf3_Cell3	Homalothecium lutescens	H. lutescens		Plant 1	pleurocarp	prosenchymatic	37.584	3.593	7.162
WOA_microscopy_Homalothecium.lutescens_Plant1_Leaf3_Cell_Average	Homalothecium lutescens	H. lutescens		Plant 1	pleurocarp	prosenchymatic	48.153	4.798	7.328
WOA_microscopy_Homalothecium.lutescens_Plant2_Leaf1_Cell1	Homalothecium lutescens	H. lutescens		Plant 2	pleurocarp	prosenchymatic	34.609	5.229	7.436
WOA_microscopy_Homalothecium.lutescens_Plant2_Leaf1_Cell2	Homalothecium lutescens	H. lutescens		Plant 2	pleurocarp	prosenchymatic	50.018	5.048	7.387
WOA_microscopy_Homalothecium.lutescens_Plant2_Leaf1_Cell3	Homalothecium lutescens	H. lutescens		Plant 2	pleurocarp	prosenchymatic	38.049	6.584	7.162
WOA_microscopy_Homalothecium.lutescens_Plant2_Leaf1_Cell_Average	Homalothecium lutescens	H. lutescens		Plant 2	pleurocarp	prosenchymatic	40.892	5.620	7.328
WOA_microscopy_Homalothecium.lutescens_Plant2_Leaf2_Cell1	Homalothecium lutescens	H. lutescens		Plant 2	pleurocarp	prosenchymatic	46.509	5.229	7.436
WOA_microscopy_Homalothecium.lutescens_Plant2_Leaf2_Cell2	Homalothecium lutescens	H. lutescens		Plant 2	pleurocarp	prosenchymatic	45.585	3.881	7.387
WOA_microscopy_Homalothecium.lutescens_Plant2_Leaf2_Cell3	Homalothecium lutescens	H. lutescens		Plant 2	pleurocarp	prosenchymatic	35.921	5.796	7.162
WOA_microscopy_Homalothecium.lutescens_Plant2_Leaf2_Cell_Average	Homalothecium lutescens	H. lutescens		Plant 2	pleurocarp	prosenchymatic	42.672	4.969	7.328
WOA_microscopy_Homalothecium.lutescens_Plant2_Leaf3_Cell1	Homalothecium lutescens	H. lutescens		Plant 2	pleurocarp	prosenchymatic	42.526	5.356	7.436
WOA_microscopy_Homalothecium.lutescens_Plant2_Leaf3_Cell2	Homalothecium lutescens	H. lutescens		Plant 2	pleurocarp	prosenchymatic	64.873	4.894	7.387
WOA_microscopy_Homalothecium.lutescens_Plant2_Leaf3_Cell3	Homalothecium lutescens	H. lutescens		Plant 2	pleurocarp	prosenchymatic	51.190	4.807	7.162
WOA_microscopy_Homalothecium.lutescens_Plant2_Leaf3_Cell_Average	Homalothecium lutescens	H. lutescens		Plant 2	pleurocarp	prosenchymatic	52.863	5.019	7.328
WOA_microscopy_Homalothecium.lutescens_Plant3_Leaf1_Cell1	Homalothecium lutescens	H. lutescens		Plant 3	pleurocarp	prosenchymatic	52.344	6.458	7.436
WOA_microscopy_Homalothecium.lutescens_Plant3_Leaf1_Cell2	Homalothecium lutescens	H. lutescens		Plant 3	pleurocarp	prosenchymatic	42.946	3.399	7.387
WOA_microscopy_Homalothecium.lutescens_Plant3_Leaf1_Cell3	Homalothecium lutescens	H. lutescens		Plant 3	pleurocarp	prosenchymatic	57.328	5.245	7.162
WOA_microscopy_Homalothecium.lutescens_Plant3_Leaf1_Cell_Average	Homalothecium lutescens	H. lutescens		Plant 3	pleurocarp	prosenchymatic	50.873	5.034	7.328
WOA_microscopy_Homalothecium.lutescens_Plant3_Leaf2_Cell1	Homalothecium lutescens	H. lutescens		Plant 3	pleurocarp	prosenchymatic	37.606	5.271	7.436
WOA_microscopy_Homalothecium.lutescens_Plant3_Leaf2_Cell2	Homalothecium lutescens	H. lutescens		Plant 3	pleurocarp	prosenchymatic	55.366	6.749	7.387
WOA_microscopy_Homalothecium.lutescens_Plant3_Leaf2_Cell3	Homalothecium lutescens	H. lutescens		Plant 3	pleurocarp	prosenchymatic	51.361	5.424	7.162
WOA_microscopy_Homalothecium.lutescens_Plant3_Leaf2_Cell_Average	Homalothecium lutescens	H. lutescens		Plant 3	pleurocarp	prosenchymatic	48.111	5.815	7.328
WOA_microscopy_Homalothecium.lutescens_Plant3_Leaf3_Cell1	Homalothecium lutescens	H. lutescens		Plant 3	pleurocarp	prosenchymatic	28.790	4.957	7.436
WOA_microscopy_Homalothecium.lutescens_Plant3_Leaf3_Cell2	Homalothecium lutescens	H. lutescens		Plant 3	pleurocarp	prosenchymatic	39.745	5.036	7.387
WOA_microscopy_Homalothecium.lutescens_Plant3_Leaf3_Cell3	Homalothecium lutescens	H. lutescens		Plant 3	pleurocarp	prosenchymatic	69.319	5.558	7.162
WOA_microscopy_Homalothecium.lutescens_Plant3_Leaf3_Cell_Average	Homalothecium lutescens	H. lutescens		Plant 3	pleurocarp	prosenchymatic	45.951	5.184	7.328
WOA_microscopy_Brachythecium.rutabulum_Plant1_Leaf1_Cell1	Brachythecium rutabulum	B. rutabulum		Plant 1	pleurocarp	prosenchymatic	100.419	6.252	36.610
WOA_microscopy_Brachythecium.rutabulum_Plant1_Leaf1_Cell2	Brachythecium rutabulum	B. rutabulum		Plant 1	pleurocarp	prosenchymatic	94.726	7.001	31.217
WOA_microscopy_Brachythecium.rutabulum_Plant1_Leaf1_Cell3	Brachythecium rutabulum	B. rutabulum		Plant 1	pleurocarp	prosenchymatic	96.18	8.392	22.125
WOA_microscopy_Brachythecium.rutabulum_Plant1_Leaf1_Cell_Average	Brachythecium rutabulum	B. rutabulum		Plant 1	pleurocarp	prosenchymatic	97.108	7.215	29.984
WOA_microscopy_Brachythecium.rutabulum_Plant1_Leaf2_Cell1	Brachythecium rutabulum	B. rutabulum		Plant 1	pleurocarp	prosenchymatic	71.057	6.926	36.610
WOA_microscopy_Brachythecium.rutabulum_Plant1_Leaf2_Cell2	Brachythecium rutabulum	B. rutabulum		Plant 1	pleurocarp	prosenchymatic	76.01	5.462	31.217
WOA_microscopy_Brachythecium.rutabulum_Plant1_Leaf2_Cell3	Brachythecium rutabulum	B. rutabulum		Plant 1	pleurocarp	prosenchymatic	69.586	8.062	22.125
WOA_microscopy_Brachythecium.rutabulum_Plant1_Leaf2_Cell_Average	Brachythecium rutabulum	B. rutabulum		Plant 1	pleurocarp	prosenchymatic	72.218	6.817	29.984
WOA_microscopy_Brachythecium.rutabulum_Plant1_Leaf3_Cell1	Brachythecium rutabulum	B. rutabulum		Plant 1	pleurocarp	prosenchymatic	78.392	6.212	36.610
WOA_microscopy_Brachythecium.rutabulum_Plant1_Leaf3_Cell2	Brachythecium rutabulum	B. rutabulum		Plant 1	pleurocarp	prosenchymatic	80.458	7.202	31.217
WOA_microscopy_Brachythecium.rutabulum_Plant1_Leaf3_Cell3	Brachythecium rutabulum	B. rutabulum		Plant 1	pleurocarp	prosenchymatic	110.031	10.081	22.125
WOA_microscopy_Brachythecium.rutabulum_Plant1_Leaf3_Cell_Average	Brachythecium rutabulum	B. rutabulum		Plant 1	pleurocarp	prosenchymatic	89.627	7.832	29.984
WOA_microscopy_Brachythecium.rutabulum_Plant2_Leaf1_Cell1	Brachythecium rutabulum	B. rutabulum		Plant 2	pleurocarp	prosenchymatic	84.662	5.436	36.610
WOA_microscopy_Brachythecium.rutabulum_Plant2_Leaf1_Cell2	Brachythecium rutabulum	B. rutabulum		Plant 2	pleurocarp	prosenchymatic	90.923	6.341	31.217
WOA_microscopy_Brachythecium.rutabulum_Plant2_Leaf1_Cell3	Brachythecium rutabulum	B. rutabulum		Plant 2	pleurocarp	prosenchymatic	70.419	5.342	22.125
WOA_microscopy_Brachythecium.rutabulum_Plant2_Leaf1_Cell_Average	Brachythecium rutabulum	B. rutabulum		Plant 2	pleurocarp	prosenchymatic	82.001	5.706	29.984
WOA_microscopy_Brachythecium.rutabulum_Plant2_Leaf2_Cell1	Brachythecium rutabulum	B. rutabulum		Plant 2	pleurocarp	prosenchymatic	71.512	4.844	36.610
WOA_microscopy_Brachythecium.rutabulum_Plant2_Leaf2_Cell2	Brachythecium rutabulum	B. rutabulum		Plant 2	pleurocarp	prosenchymatic	95.771	6.420	31.217
WOA_microscopy_Brachythecium.rutabulum_Plant2_Leaf2_Cell3	Brachythecium rutabulum	B. rutabulum		Plant 2	pleurocarp	prosenchymatic	94.03	7.487	22.125
WOA_microscopy_Brachythecium.rutabulum_Plant2_Leaf2_Cell_Average	Brachythecium rutabulum	B. rutabulum		Plant 2	pleurocarp	prosenchymatic	87.104	6.250	29.984
WOA_microscopy_Brachythecium.rutabulum_Plant2_Leaf3_Cell1	Brachythecium rutabulum	B. rutabulum		Plant 2	pleurocarp	prosenchymatic	109.793	5.294	36.610
WOA_microscopy_Brachythecium.rutabulum_Plant2_Leaf3_Cell2	Brachythecium rutabulum	B. rutabulum		Plant 2	pleurocarp	prosenchymatic	95.391	5.294	31.217
WOA_microscopy_Brachythecium.rutabulum_Plant2_Leaf3_Cell3	Brachythecium rutabulum	B. rutabulum		Plant 2	pleurocarp	prosenchymatic	61.477	5.753	22.125
WOA_microscopy_Brachythecium.rutabulum_Plant2_Leaf3_Cell_Average	Brachythecium rutabulum	B. rutabulum		Plant 2	pleurocarp	prosenchymatic	88.887	5.447	29.984
WOA_microscopy_Brachythecium.rutabulum_Plant3_Leaf1_Cell1	Brachythecium rutabulum	B. rutabulum		Plant 3	pleurocarp	prosenchymatic	109.531	7.867	36.610
WOA_microscopy_Brachythecium.rutabulum_Plant3_Leaf1_Cell2	Brachythecium rutabulum	B. rutabulum		Plant 3	pleurocarp	prosenchymatic	76.86	5.036	31.217
WOA_microscopy_Brachythecium.rutabulum_Plant3_Leaf1_Cell3	Brachythecium rutabulum	B. rutabulum		Plant 3	pleurocarp	prosenchymatic	76.222	6.804	22.125
WOA_microscopy_Brachythecium.rutabulum_Plant3_Leaf1_Cell_Average	Brachythecium rutabulum	B. rutabulum		Plant 3	pleurocarp	prosenchymatic	87.538	6.569	29.984
WOA_microscopy_Brachythecium.rutabulum_Plant3_Leaf2_Cell1	Brachythecium rutabulum	B. rutabulum		Plant 3	pleurocarp	prosenchymatic	82.189	8.730	36.610
WOA_microscopy_Brachythecium.rutabulum_Plant3_Leaf2_Cell2	Brachythecium rutabulum	B. rutabulum		Plant 3	pleurocarp	prosenchymatic	82.537	6.841	31.217
WOA_microscopy_Brachythecium.rutabulum_Plant3_Leaf2_Cell3	Brachythecium rutabulum	B. rutabulum		Plant 3	pleurocarp	prosenchymatic	74.784	7.571	22.125
WOA_microscopy_Brachythecium.rutabulum_Plant3_Leaf2_Cell_Average	Brachythecium rutabulum	B. rutabulum		Plant 3	pleurocarp	prosenchymatic	79.837	7.714	29.984
WOA_microscopy_Brachythecium.rutabulum_Plant3_Leaf3_Cell1	Brachythecium rutabulum	B. rutabulum		Plant 3	pleurocarp	prosenchymatic	76.351	7.410	36.610
WOA_microscopy_Brachythecium.rutabulum_Plant3_Leaf3_Cell2	Brachythecium rutabulum	B. rutabulum		Plant 3	pleurocarp	prosenchymatic	97.133	7.818	31.217
WOA_microscopy_Brachythecium.rutabulum_Plant3_Leaf3_Cell3	Brachythecium rutabulum	B. rutabulum		Plant 3	pleurocarp	prosenchymatic	78.676	7.167	22.125
WOA_microscopy_Brachythecium.rutabulum_Plant3_Leaf3_Cell_Average	Brachythecium rutabulum	B. rutabulum		Plant 3	pleurocarp	prosenchymatic	84.053	7.465	29.984
WOA_microscopy_Rhytidiadelphus.squarrosus_Plant1_Leaf1_Cell1	Rhytidiadelphus squarrosus	R. squarrosus		Plant 1	pleurocarp	prosenchymatic	50.82	4.674	9.117
WOA_microscopy_Rhytidiadelphus.squarrosus_Plant1_Leaf1_Cell2	Rhytidiadelphus squarrosus	R. squarrosus		Plant 1	pleurocarp	prosenchymatic	57.346	5.753	7.307
WOA_microscopy_Rhytidiadelphus.squarrosus_Plant1_Leaf1_Cell3	Rhytidiadelphus squarrosus	R. squarrosus		Plant 1	pleurocarp	prosenchymatic	46.77	7.69	8.314
WOA_microscopy_Rhytidiadelphus.squarrosus_Plant1_Leaf1_Cell_Average	Rhytidiadelphus squarrosus	R. squarrosus		Plant 1	pleurocarp	prosenchymatic	51.645	6.039	8.246
WOA_microscopy_Rhytidiadelphus.squarrosus_Plant1_Leaf2_Cell1	Rhytidiadelphus squarrosus	R. squarrosus		Plant 1	pleurocarp	prosenchymatic	45.763	4.674	9.117
WOA_microscopy_Rhytidiadelphus.squarrosus_Plant1_Leaf2_Cell2	Rhytidiadelphus squarrosus	R. squarrosus		Plant 1	pleurocarp	prosenchymatic	64.756	5.927	7.307
WOA_microscopy_Rhytidiadelphus.squarrosus_Plant1_Leaf2_Cell3	Rhytidiadelphus squarrosus	R. squarrosus		Plant 1	pleurocarp	prosenchymatic	58.571	5.833	8.314
WOA_microscopy_Rhytidiadelphus.squarrosus_Plant1_Leaf2_Cell_Average	Rhytidiadelphus squarrosus	R. squarrosus		Plant 1	pleurocarp	prosenchymatic	56.363	5.478	8.246
WOA_microscopy_Rhytidiadelphus.squarrosus_Plant1_Leaf3_Cell1	Rhytidiadelphus squarrosus	R. squarrosus		Plant 1	pleurocarp	prosenchymatic	57.942	5.5	9.117
WOA_microscopy_Rhytidiadelphus.squarrosus_Plant1_Leaf3_Cell2	Rhytidiadelphus squarrosus	R. squarrosus		Plant 1	pleurocarp	prosenchymatic	61.367	6.598	7.307
WOA_microscopy_Rhytidiadelphus.squarrosus_Plant1_Leaf3_Cell3	Rhytidiadelphus squarrosus	R. squarrosus		Plant 1	pleurocarp	prosenchymatic	63.588	7.178	8.314
WOA_microscopy_Rhytidiadelphus.squarrosus_Plant1_Leaf3_Cell_Average	Rhytidiadelphus squarrosus	R. squarrosus		Plant 1	pleurocarp	prosenchymatic	60.966	6.425	8.246
WOA_microscopy_Rhytidiadelphus.squarrosus_Plant2_Leaf1_Cell1	Rhytidiadelphus squarrosus	R. squarrosus		Plant 2	pleurocarp	prosenchymatic	56.714	6.841	9.117
WOA_microscopy_Rhytidiadelphus.squarrosus_Plant2_Leaf1_Cell2	Rhytidiadelphus squarrosus	R. squarrosus		Plant 2	pleurocarp	prosenchymatic	62.305	5.451	7.307
WOA_microscopy_Rhytidiadelphus.squarrosus_Plant2_Leaf1_Cell3	Rhytidiadelphus squarrosus	R. squarrosus		Plant 2	pleurocarp	prosenchymatic	88.878	6.181	8.314
WOA_microscopy_Rhytidiadelphus.squarrosus_Plant2_Leaf1_Cell_Average	Rhytidiadelphus squarrosus	R. squarrosus		Plant 2	pleurocarp	prosenchymatic	69.299	6.158	8.246
WOA_microscopy_Rhytidiadelphus.squarrosus_Plant2_Leaf2_Cell1	Rhytidiadelphus squarrosus	R. squarrosus		Plant 2	pleurocarp	prosenchymatic	74.631	7.659	9.117
WOA_microscopy_Rhytidiadelphus.squarrosus_Plant2_Leaf2_Cell2	Rhytidiadelphus squarrosus	R. squarrosus		Plant 2	pleurocarp	prosenchymatic	68.581	5.698	7.307
WOA_microscopy_Rhytidiadelphus.squarrosus_Plant2_Leaf2_Cell3	Rhytidiadelphus squarrosus	R. squarrosus		Plant 2	pleurocarp	prosenchymatic	48.418	3.671	8.314
WOA_microscopy_Rhytidiadelphus.squarrosus_Plant2_Leaf2_Cell_Average	Rhytidiadelphus squarrosus	R. squarrosus		Plant 2	pleurocarp	prosenchymatic	63.877	5.676	8.246
WOA_microscopy_Rhytidiadelphus.squarrosus_Plant2_Leaf3_Cell1	Rhytidiadelphus squarrosus	R. squarrosus		Plant 2	pleurocarp	prosenchymatic	73.27	5.312	9.117
WOA_microscopy_Rhytidiadelphus.squarrosus_Plant2_Leaf3_Cell2	Rhytidiadelphus squarrosus	R. squarrosus		Plant 2	pleurocarp	prosenchymatic	55.247	6.078	7.307
WOA_microscopy_Rhytidiadelphus.squarrosus_Plant2_Leaf3_Cell3	Rhytidiadelphus squarrosus	R. squarrosus		Plant 2	pleurocarp	prosenchymatic	67.411	8.121	8.314
WOA_microscopy_Rhytidiadelphus.squarrosus_Plant2_Leaf3_Cell_Average	Rhytidiadelphus squarrosus	R. squarrosus		Plant 2	pleurocarp	prosenchymatic	65.309	6.504	8.246
WOA_microscopy_Rhytidiadelphus.squarrosus_Plant3_Leaf1_Cell1	Rhytidiadelphus squarrosus	R. squarrosus		Plant 3	pleurocarp	prosenchymatic	82.35	7.32	9.117
WOA_microscopy_Rhytidiadelphus.squarrosus_Plant3_Leaf1_Cell2	Rhytidiadelphus squarrosus	R. squarrosus		Plant 3	pleurocarp	prosenchymatic	87.103	4.674	7.307
WOA_microscopy_Rhytidiadelphus.squarrosus_Plant3_Leaf1_Cell3	Rhytidiadelphus squarrosus	R. squarrosus		Plant 3	pleurocarp	prosenchymatic	67.488	6.432	8.314
WOA_microscopy_Rhytidiadelphus.squarrosus_Plant3_Leaf1_Cell_Average	Rhytidiadelphus squarrosus	R. squarrosus		Plant 3	pleurocarp	prosenchymatic	78.980	6.142	8.246
WOA_microscopy_Rhytidiadelphus.squarrosus_Plant3_Leaf2_Cell1	Rhytidiadelphus squarrosus	R. squarrosus		Plant 3	pleurocarp	prosenchymatic	68.39	5.753	9.117
WOA_microscopy_Rhytidiadelphus.squarrosus_Plant3_Leaf2_Cell2	Rhytidiadelphus squarrosus	R. squarrosus		Plant 3	pleurocarp	prosenchymatic	72.025	5.164	7.307
WOA_microscopy_Rhytidiadelphus.squarrosus_Plant3_Leaf2_Cell3	Rhytidiadelphus squarrosus	R. squarrosus		Plant 3	pleurocarp	prosenchymatic	68.311	5.285	8.314
WOA_microscopy_Rhytidiadelphus.squarrosus_Plant3_Leaf2_Cell_Average	Rhytidiadelphus squarrosus	R. squarrosus		Plant 3	pleurocarp	prosenchymatic	69.575	5.401	8.246
WOA_microscopy_Rhytidiadelphus.squarrosus_Plant3_Leaf3_Cell1	Rhytidiadelphus squarrosus	R. squarrosus		Plant 3	pleurocarp	prosenchymatic	59.149	7.089	9.117
WOA_microscopy_Rhytidiadelphus.squarrosus_Plant3_Leaf3_Cell2	Rhytidiadelphus squarrosus	R. squarrosus		Plant 3	pleurocarp	prosenchymatic	51.461	5.294	7.307
WOA_microscopy_Rhytidiadelphus.squarrosus_Plant3_Leaf3_Cell3	Rhytidiadelphus squarrosus	R. squarrosus		Plant 3	pleurocarp	prosenchymatic	48.254	4.277	8.314
WOA_microscopy_Rhytidiadelphus.squarrosus_Plant3_Leaf3_Cell_Average	Rhytidiadelphus squarrosus	R. squarrosus		Plant 3	pleurocarp	prosenchymatic	52.955	5.553	8.246
WOA_microscopy_Hypnum.cupressiforme_Plant1_Leaf1_Cell1	Hypnum cupressiforme	H. cupressiforme		Plant 1	pleurocarp	prosenchymatic	40.298	3.425	8.903
WOA_microscopy_Hypnum.cupressiforme_Plant1_Leaf1_Cell2	Hypnum cupressiforme	H. cupressiforme		Plant 1	pleurocarp	prosenchymatic	50.113	4.731	9.027
WOA_microscopy_Hypnum.cupressiforme_Plant1_Leaf1_Cell3	Hypnum cupressiforme	H. cupressiforme		Plant 1	pleurocarp	prosenchymatic	34.262	4.951	9.402
WOA_microscopy_Hypnum.cupressiforme_Plant1_Leaf1_Cell_Average	Hypnum cupressiforme	H. cupressiforme		Plant 1	pleurocarp	prosenchymatic	41.558	4.369	9.111
WOA_microscopy_Hypnum.cupressiforme_Plant1_Leaf2_Cell1	Hypnum cupressiforme	H. cupressiforme		Plant 1	pleurocarp	prosenchymatic	57.389	5.237	8.903
WOA_microscopy_Hypnum.cupressiforme_Plant1_Leaf2_Cell2	Hypnum cupressiforme	H. cupressiforme		Plant 1	pleurocarp	prosenchymatic	65.341	4.619	9.027
WOA_microscopy_Hypnum.cupressiforme_Plant1_Leaf2_Cell3	Hypnum cupressiforme	H. cupressiforme		Plant 1	pleurocarp	prosenchymatic	48.291	5.546	9.402
WOA_microscopy_Hypnum.cupressiforme_Plant1_Leaf2_Cell_Average	Hypnum cupressiforme	H. cupressiforme		Plant 1	pleurocarp	prosenchymatic	57.007	5.134	9.111
WOA_microscopy_Hypnum.cupressiforme_Plant1_Leaf3_Cell1	Hypnum cupressiforme	H. cupressiforme		Plant 1	pleurocarp	prosenchymatic	45.446	3.345	8.903
WOA_microscopy_Hypnum.cupressiforme_Plant1_Leaf3_Cell2	Hypnum cupressiforme	H. cupressiforme		Plant 1	pleurocarp	prosenchymatic	56.061	6.046	9.027
WOA_microscopy_Hypnum.cupressiforme_Plant1_Leaf3_Cell3	Hypnum cupressiforme	H. cupressiforme		Plant 1	pleurocarp	prosenchymatic	65.362	7.413	9.402
WOA_microscopy_Hypnum.cupressiforme_Plant1_Leaf3_Cell_Average	Hypnum cupressiforme	H. cupressiforme		Plant 1	pleurocarp	prosenchymatic	55.623	5.601	9.111
WOA_microscopy_Hypnum.cupressiforme_Plant2_Leaf1_Cell1	Hypnum cupressiforme	H. cupressiforme		Plant 2	pleurocarp	prosenchymatic	48.483	4.247	8.903
WOA_microscopy_Hypnum.cupressiforme_Plant2_Leaf1_Cell2	Hypnum cupressiforme	H. cupressiforme		Plant 2	pleurocarp	prosenchymatic	48.287	4.157	9.027
WOA_microscopy_Hypnum.cupressiforme_Plant2_Leaf1_Cell3	Hypnum cupressiforme	H. cupressiforme		Plant 2	pleurocarp	prosenchymatic	45.022	5.615	9.402
WOA_microscopy_Hypnum.cupressiforme_Plant2_Leaf1_Cell_Average	Hypnum cupressiforme	H. cupressiforme		Plant 2	pleurocarp	prosenchymatic	47.264	4.673	9.111
WOA_microscopy_Hypnum.cupressiforme_Plant2_Leaf2_Cell1	Hypnum cupressiforme	H. cupressiforme		Plant 2	pleurocarp	prosenchymatic	59.901	4.371	8.903
WOA_microscopy_Hypnum.cupressiforme_Plant2_Leaf2_Cell2	Hypnum cupressiforme	H. cupressiforme		Plant 2	pleurocarp	prosenchymatic	53.209	5.833	9.027
WOA_microscopy_Hypnum.cupressiforme_Plant2_Leaf2_Cell3	Hypnum cupressiforme	H. cupressiforme		Plant 2	pleurocarp	prosenchymatic	44.863	4.611	9.402
WOA_microscopy_Hypnum.cupressiforme_Plant2_Leaf2_Cell_Average	Hypnum cupressiforme	H. cupressiforme		Plant 2	pleurocarp	prosenchymatic	52.658	4.938	9.111
WOA_microscopy_Hypnum.cupressiforme_Plant2_Leaf3_Cell1	Hypnum cupressiforme	H. cupressiforme		Plant 2	pleurocarp	prosenchymatic	48.873	4.274	8.903
WOA_microscopy_Hypnum.cupressiforme_Plant2_Leaf3_Cell2	Hypnum cupressiforme	H. cupressiforme		Plant 2	pleurocarp	prosenchymatic	56.636	3.512	9.027
WOA_microscopy_Hypnum.cupressiforme_Plant2_Leaf3_Cell3	Hypnum cupressiforme	H. cupressiforme		Plant 2	pleurocarp	prosenchymatic	65.981	3.420	9.402
WOA_microscopy_Hypnum.cupressiforme_Plant2_Leaf3_Cell_Average	Hypnum cupressiforme	H. cupressiforme		Plant 2	pleurocarp	prosenchymatic	57.163	3.735	9.111
WOA_microscopy_Hypnum.cupressiforme_Plant3_Leaf1_Cell1	Hypnum cupressiforme	H. cupressiforme		Plant 3	pleurocarp	prosenchymatic	46.524	5.061	8.903
WOA_microscopy_Hypnum.cupressiforme_Plant3_Leaf1_Cell2	Hypnum cupressiforme	H. cupressiforme		Plant 3	pleurocarp	prosenchymatic	56.966	5.742	9.027
WOA_microscopy_Hypnum.cupressiforme_Plant3_Leaf1_Cell3	Hypnum cupressiforme	H. cupressiforme		Plant 3	pleurocarp	prosenchymatic	44.311	4.540	9.402
WOA_microscopy_Hypnum.cupressiforme_Plant3_Leaf1_Cell_Average	Hypnum cupressiforme	H. cupressiforme		Plant 3	pleurocarp	prosenchymatic	49.267	5.114	9.111
WOA_microscopy_Hypnum.cupressiforme_Plant3_Leaf2_Cell1	Hypnum cupressiforme	H. cupressiforme		Plant 3	pleurocarp	prosenchymatic	49.608	4.398	8.903
WOA_microscopy_Hypnum.cupressiforme_Plant3_Leaf2_Cell2	Hypnum cupressiforme	H. cupressiforme		Plant 3	pleurocarp	prosenchymatic	54.540	4.889	9.027
WOA_microscopy_Hypnum.cupressiforme_Plant3_Leaf2_Cell3	Hypnum cupressiforme	H. cupressiforme		Plant 3	pleurocarp	prosenchymatic	62.970	4.808	9.402
WOA_microscopy_Hypnum.cupressiforme_Plant3_Leaf2_Cell_Average	Hypnum cupressiforme	H. cupressiforme		Plant 3	pleurocarp	prosenchymatic	55.706	4.698	9.111
WOA_microscopy_Grimmia.pulvinata_Plant1_Leaf1_Cell1	Grimmia pulvinata	G. pulvinata		Plant 1	apocarp	square	16.406	6.42	17.713
WOA_microscopy_Grimmia.pulvinata_Plant1_Leaf1_Cell2	Grimmia pulvinata	G. pulvinata		Plant 1	apocarp	square	15.111	6.653	17.308
WOA_microscopy_Grimmia.pulvinata_Plant1_Leaf1_Cell3	Grimmia pulvinata	G. pulvinata		Plant 1	apocarp	square	7.333	6.693	18.148
WOA_microscopy_Grimmia.pulvinata_Plant1_Leaf1_Cell_Average	Grimmia pulvinata	G. pulvinata		Plant 1	apocarp	square	12.950	6.589	17.723
WOA_microscopy_Grimmia.pulvinata_Plant1_Leaf2_Cell1	Grimmia pulvinata	G. pulvinata		Plant 1	apocarp	square	15.459	13.619	17.713
WOA_microscopy_Grimmia.pulvinata_Plant1_Leaf2_Cell2	Grimmia pulvinata	G. pulvinata		Plant 1	apocarp	square	11.458	8.314	17.308
WOA_microscopy_Grimmia.pulvinata_Plant1_Leaf2_Cell3	Grimmia pulvinata	G. pulvinata		Plant 1	apocarp	square	15.029	6.202	18.148
WOA_microscopy_Grimmia.pulvinata_Plant1_Leaf2_Cell_Average	Grimmia pulvinata	G. pulvinata		Plant 1	apocarp	square	13.982	9.378	17.723
WOA_microscopy_Grimmia.pulvinata_Plant1_Leaf3_Cell1	Grimmia pulvinata	G. pulvinata		Plant 1	apocarp	square	11.087	6.627	17.713
WOA_microscopy_Grimmia.pulvinata_Plant1_Leaf3_Cell2	Grimmia pulvinata	G. pulvinata		Plant 1	apocarp	square	10.124	7.941	17.308
WOA_microscopy_Grimmia.pulvinata_Plant1_Leaf3_Cell3	Grimmia pulvinata	G. pulvinata		Plant 1	apocarp	square	15.751	7.659	18.148
WOA_microscopy_Grimmia.pulvinata_Plant1_Leaf3_Cell_Average	Grimmia pulvinata	G. pulvinata		Plant 1	apocarp	square	12.321	7.409	17.723
WOA_microscopy_Grimmia.pulvinata_Plant2_Leaf1_Cell1	Grimmia pulvinata	G. pulvinata		Plant 2	apocarp	square	12.862	7.211	17.713
WOA_microscopy_Grimmia.pulvinata_Plant2_Leaf1_Cell2	Grimmia pulvinata	G. pulvinata		Plant 2	apocarp	square	13.173	7.778	17.308
WOA_microscopy_Grimmia.pulvinata_Plant2_Leaf1_Cell3	Grimmia pulvinata	G. pulvinata		Plant 2	apocarp	square	15.766	5.574	18.148
WOA_microscopy_Grimmia.pulvinata_Plant2_Leaf1_Cell_Average	Grimmia pulvinata	G. pulvinata		Plant 2	apocarp	square	13.934	6.854	17.723
WOA_microscopy_Grimmia.pulvinata_Plant2_Leaf2_Cell1	Grimmia pulvinata	G. pulvinata		Plant 2	apocarp	square	17.6	6.965	17.713
WOA_microscopy_Grimmia.pulvinata_Plant2_Leaf2_Cell2	Grimmia pulvinata	G. pulvinata		Plant 2	apocarp	square	18.451	7.211	17.308
WOA_microscopy_Grimmia.pulvinata_Plant2_Leaf2_Cell3	Grimmia pulvinata	G. pulvinata		Plant 2	apocarp	square	13.071	6.944	18.148
WOA_microscopy_Grimmia.pulvinata_Plant2_Leaf2_Cell_Average	Grimmia pulvinata	G. pulvinata		Plant 2	apocarp	square	16.374	7.040	17.723
WOA_microscopy_Grimmia.pulvinata_Plant2_Leaf3_Cell1	Grimmia pulvinata	G. pulvinata		Plant 2	apocarp	square	17.56	7.044	17.713
WOA_microscopy_Grimmia.pulvinata_Plant2_Leaf3_Cell2	Grimmia pulvinata	G. pulvinata		Plant 2	apocarp	square	23.026	7.487	17.308
WOA_microscopy_Grimmia.pulvinata_Plant2_Leaf3_Cell3	Grimmia pulvinata	G. pulvinata		Plant 2	apocarp	square	41.292	8.399	18.148
WOA_microscopy_Grimmia.pulvinata_Plant2_Leaf3_Cell_Average	Grimmia pulvinata	G. pulvinata		Plant 2	apocarp	square	27.293	7.643	17.723
WOA_microscopy_Grimmia.pulvinata_Plant3_Leaf1_Cell1	Grimmia pulvinata	G. pulvinata		Plant 3	apocarp	square	12.882	6.423	17.713
WOA_microscopy_Grimmia.pulvinata_Plant3_Leaf1_Cell2	Grimmia pulvinata	G. pulvinata		Plant 3	apocarp	square	11.803	6.769	17.308
WOA_microscopy_Grimmia.pulvinata_Plant3_Leaf1_Cell3	Grimmia pulvinata	G. pulvinata		Plant 3	apocarp	square	8.405	6.935	18.148
WOA_microscopy_Grimmia.pulvinata_Plant3_Leaf1_Cell_Average	Grimmia pulvinata	G. pulvinata		Plant 3	apocarp	square	11.030	6.709	17.723
WOA_microscopy_Grimmia.pulvinata_Plant3_Leaf2_Cell1	Grimmia pulvinata	G. pulvinata		Plant 3	apocarp	square	12.782	6.316	17.713
WOA_microscopy_Grimmia.pulvinata_Plant3_Leaf2_Cell2	Grimmia pulvinata	G. pulvinata		Plant 3	apocarp	square	13.06	7.648	17.308
WOA_microscopy_Grimmia.pulvinata_Plant3_Leaf2_Cell3	Grimmia pulvinata	G. pulvinata		Plant 3	apocarp	square	22.223	9.761	18.148
WOA_microscopy_Grimmia.pulvinata_Plant3_Leaf2_Cell_Average	Grimmia pulvinata	G. pulvinata		Plant 3	apocarp	square	16.022	7.908	17.723
WOA_microscopy_Grimmia.pulvinata_Plant3_Leaf3_Cell1	Grimmia pulvinata	G. pulvinata		Plant 3	apocarp	square	12.87	6.787	17.713
WOA_microscopy_Grimmia.pulvinata_Plant3_Leaf3_Cell2	Grimmia pulvinata	G. pulvinata		Plant 3	apocarp	square	14.531	6.363	17.308
WOA_microscopy_Grimmia.pulvinata_Plant3_Leaf3_Cell3	Grimmia pulvinata	G. pulvinata		Plant 3	apocarp	square	14.774	7.044	18.148
WOA_microscopy_Grimmia.pulvinata_Plant3_Leaf3_Cell_Average	Grimmia pulvinata	G. pulvinata		Plant 3	apocarp	square	14.058	6.731	17.723